{
  "proportion_index": [0.6882, 0.6296, 0.5594, 0.2178, 0.3746],
  "structural": {
    "Torso_BreastTone": 0.596,
    "Shoulders_Tone": 0.02,
    "Cheeks_Tone": 0.02,
    "Abdomen_Tone": 0.02,
    "Arms_UpperarmTone": 0.02,
    "Legs_UpperlegsTone": 0.02,
    "Pelvis_GluteusTone": 0.02,
    "Legs_LowerlegsTone": 0.02,
    "Arms_ForearmTone": 0.02,
    "Waist_Size": 0.4952,
    "Wrists_Size": 0.476,
    "Torso_Tone": 0.02,
    "Neck_Tone": 0.02
  },
  "manuellab_vers": [1, 6, 0],
  "metaproperties": {
    "last_character_age": 0.0,
    "character_tone": -0.48,
    "last_character_mass": 0.0,
    "character_mass": 0.0,
    "character_age": 0.0,
    "last_character_tone": -0.48
  },
  "materialproperties": {}
}
