{
  "proportion_index": [0.7053, 0.6312, 0.5626, 0.2239, 0.4023],
  "structural": {
    "Torso_BreastTone": 0.542,
    "Cheeks_Tone": 0.29,
    "Legs_UpperlegsMass": 0.71,
    "Feet_Mass": 0.71,
    "Abdomen_Tone": 0.29,
    "Legs_UpperlegsTone": 0.29,
    "Shoulders_Mass": 0.71,
    "Legs_LowerlegsTone": 0.29,
    "Waist_Size": 0.5399,
    "Neck_Mass": 0.71,
    "Torso_Tone": 0.29,
    "Cheeks_Mass": 0.71,
    "Shoulders_Tone": 0.29,
    "Arms_UpperarmMass": 0.71,
    "Pelvis_GluteusMass": 0.71,
    "Abdomen_Mass": 0.71,
    "Arms_UpperarmTone": 0.29,
    "Stomach_LocalFat": 0.5042,
    "Pelvis_GluteusTone": 0.29,
    "Stomach_Volume": 0.5042,
    "Legs_KneeSize": 0.542,
    "Arms_ForearmTone": 0.29,
    "Torso_Mass": 0.71,
    "Wrists_Size": 0.5105,
    "Arms_ForearmMass": 0.71,
    "Hands_Mass": 0.71,
    "Neck_Tone": 0.29,
    "Legs_LowerlegsMass": 0.71
  },
  "manuellab_vers": [1, 6, 0],
  "metaproperties": {
    "last_character_age": 0.0,
    "character_tone": -0.21,
    "last_character_mass": 0.21,
    "character_mass": 0.21,
    "character_age": 0.0,
    "last_character_tone": -0.21
  },
  "materialproperties": {}
}
