{
  "proportion_index": [0.5393, 0.6109, 0.3606, 0.1813, 0.3047],
  "structural": {
    "Torso_BreastTone": 0.506,
    "Cheeks_Tone": 0.53,
    "Shoulders_Tone": 0.53,
    "Legs_UpperlegsMass": 0.32,
    "Feet_Mass": 0.32,
    "Abdomen_Tone": 0.26,
    "Legs_UpperlegsTone": 0.53,
    "Neck_Mass": 0.32,
    "Legs_LowerlegsTone": 0.53,
    "Waist_Size": 0.5042,
    "Shoulders_Mass": 0.32,
    "Torso_Tone": 0.53,
    "Cheeks_Mass": 0.32,
    "Torso_BreastMass": 1.0,
    "Arms_UpperarmMass": 0.32,
    "Pelvis_GluteusMass": 0.32,
    "Abdomen_Mass": 0.32,
    "Arms_UpperarmTone": 0.53,
    "Stomach_LocalFat": 0.491,
    "Pelvis_GluteusTone": 0.53,
    "Stomach_Volume": 0.4964,
    "Legs_KneeSize": 0.506,
    "Arms_ForearmTone": 0.53,
    "Torso_Mass": 0.32,
    "Wrists_Size": 0.494,
    "Arms_ForearmMass": 0.32,
    "Hands_Mass": 0.32,
    "Neck_Tone": 0.53,
    "Legs_LowerlegsMass": 0.32
  },
  "manuellab_vers": [1, 6, 0],
  "metaproperties": {
    "last_character_age": 0.0,
    "character_tone": 0.03,
    "last_character_mass": -0.18,
    "character_mass": -0.18,
    "character_age": 0.0,
    "last_character_tone": 0.03
  },
  "materialproperties": {}
}
