{
  "proportion_index": [0.5555, 0.5468, 0.3843, 0.1993, 0.3233],
  "structural": {
    "Cheeks_Tone": 0.8,
    "Legs_UpperlegsMass": 0.44,
    "Feet_Mass": 0.44,
    "Abdomen_Tone": 1.0,
    "Legs_UpperlegsTone": 0.8,
    "Shoulders_Mass": 0.44,
    "Legs_LowerlegsTone": 0.8,
    "Waist_Size": 0.5594,
    "Neck_Mass": 0.44,
    "Torso_Tone": 0.8,
    "Cheeks_Mass": 0.44,
    "Shoulders_Tone": 0.8,
    "Arms_UpperarmMass": 0.44,
    "Pelvis_GluteusMass": 0.44,
    "Arms_UpperarmTone": 0.8,
    "Stomach_LocalFat": 0.497,
    "Pelvis_GluteusTone": 0.8,
    "Stomach_Volume": 0.4988,
    "Legs_KneeSize": 0.56,
    "Arms_ForearmTone": 0.8,
    "Torso_Mass": 0.44,
    "Wrists_Size": 0.527,
    "Arms_ForearmMass": 0.44,
    "Hands_Mass": 0.44,
    "Neck_Tone": 0.8,
    "Legs_LowerlegsMass": 0.44
  },
  "manuellab_vers": [1, 6, 0],
  "metaproperties": {
    "last_character_age": 0.0,
    "character_tone": 0.3,
    "last_character_mass": -0.06,
    "character_mass": -0.06,
    "character_age": 0.0,
    "last_character_tone": 0.3
  },
  "materialproperties": {}
}
