{
  "proportion_index": [0.5499, 0.4896, 0.3685, 0.1837, 0.3138],
  "structural": {
    "Torso_BreastTone": 0.44,
    "Torso_BreastMass": 0.25,
    "Arms_UpperarmMass": 0.44,
    "Pelvis_GluteusMass": 0.44,
    "Legs_UpperlegsMass": 0.44,
    "Feet_Mass": 0.44,
    "Abdomen_Tone": 0.7,
    "Stomach_LocalFat": 0.497,
    "Stomach_Volume": 0.4988,
    "Shoulders_Mass": 0.44,
    "Torso_Mass": 0.44,
    "Waist_Size": 0.4994,
    "Neck_Mass": 0.44,
    "Arms_ForearmMass": 0.44,
    "Wrists_Size": 0.497,
    "Cheeks_Mass": 0.44,
    "Hands_Mass": 0.44,
    "Legs_LowerlegsMass": 0.44
  },
  "manuellab_vers": [1, 6, 0],
  "metaproperties": {
    "last_character_age": 0.0,
    "character_tone": 0.0,
    "last_character_mass": -0.06,
    "character_mass": -0.06,
    "character_age": 0.0,
    "last_character_tone": 0.0
  },
  "materialproperties": {}
}
