{
  "proportion_index": [0.5014, 0.5998, 0.3425, 0.1717, 0.2692],
  "structural": {
    "Torso_BreastTone": 0.44,
    "Torso_BreastMass": 1.0,
    "Arms_UpperarmMass": -0.25,
    "Pelvis_GluteusMass": -0.25,
    "Abdomen_Mass": -0.19,
    "Legs_UpperlegsMass": -0.25,
    "Feet_Mass": -0.25,
    "Abdomen_Tone": 0.7,
    "Stomach_LocalFat": 0.4625,
    "Stomach_Volume": 0.485,
    "Shoulders_Mass": -0.25,
    "Torso_Mass": -0.25,
    "Waist_Size": 0.4925,
    "Neck_Mass": -0.25,
    "Arms_ForearmMass": -0.25,
    "Wrists_Size": 0.4625,
    "Cheeks_Mass": -0.25,
    "Hands_Mass": -0.25,
    "Legs_LowerlegsMass": -0.25
  },
  "manuellab_vers": [1, 6, 0],
  "metaproperties": {
    "last_character_age": 0.0,
    "character_tone": 0.0,
    "last_character_mass": -0.75,
    "character_mass": -0.75,
    "character_age": 0.0,
    "last_character_tone": 0.0
  },
  "materialproperties": {}
}
