{
  "proportion_index": [0.5258, 0.5118, 0.3835, 0.1804, 0.2877],
  "structural": {
    "Torso_BreastTone": 0.626,
    "Legs_UpperlegLength": 0.65,
    "Abdomen_Tone": 1.13,
    "Cheeks_Tone": 1.13,
    "Chin_Tone": 0.29,
    "Arms_UpperarmLength": 0.59,
    "Legs_UpperlegsMass": 0.23,
    "Feet_Mass": 0.23,
    "Legs_UpperlegSize": 0.44,
    "Arms_ForearmSize": 0.44,
    "Torso_Mass": 0.62,
    "Legs_UpperlegsTone": 0.86,
    "Shoulders_Tone": 0.87,
    "Head_Size": 0.29,
    "Hands_FingersLength": 1.0,
    "Shoulders_PosZ": 0.41,
    "Forehead_SizeZ": 0.62,
    "Waist_Size": 0.626,
    "Shoulders_Mass": 0.08,
    "Torso_Tone": 1.25,
    "Pelvis_SizeY": 0.02,
    "Torso_BreastMass": 0.0,
    "Arms_UpperarmMass": 0.38,
    "Torso_SizeY": 0.29,
    "Arms_ForearmLength": 0.65,
    "Legs_LowerlegsTone": 0.95,
    "Arms_UpperarmTone": 0.98,
    "Torso_Vshape": 0.26,
    "Pelvis_GluteusTone": 1.13,
    "Legs_LowerlegLength": 0.54,
    "Stomach_Volume": 0.59,
    "Arms_UpperarmSize": 0.47,
    "Legs_KneeSize": 0.626,
    "Arms_ForearmTone": 1.13,
    "Feet_Size": 0.62,
    "Hands_FingersInterDist": 0.38,
    "Torso_ToracicCurve": 1.0,
    "Wrists_Size": 0.563,
    "Legs_UpperlegInCurve": 0.74,
    "Hands_Mass": 0.14,
    "Neck_Tone": 1.13,
    "Legs_LowerlegsMass": 0.17
  },
  "manuellab_vers": [1, 6, 0],
  "metaproperties": {
    "last_character_age": 0.0,
    "character_tone": 0.63,
    "last_character_mass": 0.0,
    "character_mass": 0.0,
    "character_age": 0.0,
    "last_character_tone": 0.63
  },
  "materialproperties": {}
}
