{
  "proportion_index": [0.4399, 0.5066, 0.3208, 0.1501, 0.2199],
  "structural": {
    "Legs_UpperlegLength": 0.65,
    "Feet_Mass": -0.19,
    "Waist_Size": 0.491,
    "Arms_ForearmSize": 0.44,
    "Shoulders_Mass": -0.34,
    "Shoulders_PosZ": 0.41,
    "Legs_UpperlegSize": 0.44,
    "Head_Size": 0.29,
    "Pelvis_SizeY": 0.02,
    "Shoulders_Tone": -0.24,
    "Arms_UpperarmMass": -0.04,
    "Pelvis_GluteusMass": 0.08,
    "Arms_UpperarmLength": 0.59,
    "Arms_UpperarmTone": -0.13,
    "Torso_Vshape": 0.26,
    "Pelvis_GluteusTone": 0.02,
    "Legs_LowerlegLength": 0.54,
    "Arms_UpperarmSize": 0.47,
    "Torso_Mass": 0.2,
    "Arms_ForearmTone": 0.02,
    "Arms_ForearmMass": 0.08,
    "Wrists_Size": 0.455,
    "Hands_Mass": -0.28,
    "Neck_Tone": 0.02,
    "Legs_LowerlegsMass": -0.25,
    "Torso_BreastTone": 0.596,
    "Cheeks_Tone": 0.02,
    "Hands_FingersInterDist": 0.38,
    "Chin_Tone": 0.29,
    "Torso_BreastMass": 0.75,
    "Legs_UpperlegsMass": -0.19,
    "Abdomen_Tone": 0.02,
    "Legs_UpperlegsTone": -0.25,
    "Abdomen_Mass": 0.08,
    "Hands_FingersLength": 1.0,
    "Forehead_SizeZ": 0.62,
    "Neck_Mass": 0.08,
    "Torso_Tone": 0.14,
    "Cheeks_Mass": 0.08,
    "Arms_ForearmLength": 0.65,
    "Stomach_LocalFat": 0.479,
    "Stomach_Volume": 0.5816,
    "Legs_LowerlegsTone": -0.16,
    "Torso_SizeY": 0.29,
    "Torso_ToracicCurve": 1.0,
    "Legs_UpperlegInCurve": 0.74,
    "Feet_Size": 0.62
  },
  "manuellab_vers": [1, 6, 0],
  "metaproperties": {
    "last_character_age": 0.0,
    "character_tone": -0.48,
    "last_character_mass": -0.42,
    "character_mass": -0.42,
    "character_age": 0.0,
    "last_character_tone": -0.48
  },
  "materialproperties": {}
}
