{
  "proportion_index": [0.6471, 0.687, 0.4671, 0.1919, 0.2941],
  "structural": {
    "Legs_UpperlegLength": 0.05,
    "Neck_Length": 0.35,
    "Legs_UpperlegsMass": 0.23,
    "Feet_Mass": 0.74,
    "Hands_Mass": 1.0,
    "Legs_UpperlegsTone": 0.35,
    "Neck_Mass": 0.62,
    "Hands_FingersLength": 0.11,
    "Head_Size": 0.47,
    "Torso_Tone": 0.41,
    "Hands_Size": 0.32,
    "Torso_BreastMass": 1.0,
    "Pelvis_GluteusMass": 0.35,
    "Arms_ForearmLength": 0.65,
    "Arms_UpperarmLength": 0.59,
    "Torso_Vshape": 0.41,
    "Pelvis_SizeY": 0.8,
    "Torso_Mass": 0.59,
    "Neck_Tone": 0.47,
    "Pelvis_SizeX": 0.86,
    "Feet_Size": 0.29,
    "Legs_LowerlegsMass": 0.53
  },
  "manuellab_vers": [1, 6, 0],
  "metaproperties": {
    "last_character_age": 0.0,
    "character_tone": 0.0,
    "last_character_mass": 0.0,
    "character_mass": 0.0,
    "character_age": 0.0,
    "last_character_tone": 0.0
  },
  "materialproperties": {}
}
