{
  "proportion_index": [0.6114, 0.625, 0.4021, 0.2197, 0.3247],
  "structural": {
    "Torso_BreastTone": 0.572,
    "Legs_UpperlegLength": 0.05,
    "Hands_Size": 0.32,
    "Neck_Length": 0.35,
    "Shoulders_Tone": 0.86,
    "Legs_UpperlegsMass": 0.23,
    "Feet_Mass": 0.74,
    "Abdomen_Tone": 0.86,
    "Legs_UpperlegsTone": 0.71,
    "Neck_Mass": 0.62,
    "Hands_FingersLength": 0.11,
    "Legs_LowerlegsTone": 0.86,
    "Waist_Size": 0.572,
    "Head_Size": 0.47,
    "Cheeks_Tone": 0.86,
    "Torso_Tone": 0.77,
    "Pelvis_SizeY": 0.8,
    "Pelvis_SizeX": 0.86,
    "Torso_BreastMass": 0.75,
    "Arms_ForearmLength": 0.65,
    "Pelvis_GluteusMass": 0.35,
    "Arms_UpperarmLength": 0.59,
    "Arms_UpperarmTone": 0.86,
    "Torso_Vshape": 0.41,
    "Pelvis_GluteusTone": 0.86,
    "Legs_KneeSize": 0.572,
    "Arms_ForearmTone": 0.86,
    "Feet_Size": 0.29,
    "Torso_Mass": 0.59,
    "Wrists_Size": 0.536,
    "Hands_Mass": 1.0,
    "Neck_Tone": 0.83,
    "Legs_LowerlegsMass": 0.53
  },
  "manuellab_vers": [1, 6, 0],
  "metaproperties": {
    "last_character_age": 0.0,
    "character_tone": 0.36,
    "last_character_mass": 0.0,
    "character_mass": 0.0,
    "character_age": 0.0,
    "last_character_tone": 0.36
  },
  "materialproperties": {}
}
