{
  "proportion_index": [0.6161, 0.5639, 0.4158, 0.2322, 0.3178],
  "structural": {
    "Torso_BreastTone": 0.65,
    "Legs_UpperlegLength": 0.05,
    "Hands_Size": 0.32,
    "Neck_Length": 0.35,
    "Shoulders_Tone": 1.25,
    "Legs_UpperlegsMass": 0.23,
    "Feet_Mass": 0.74,
    "Abdomen_Tone": 1.25,
    "Legs_UpperlegsTone": 1.1,
    "Neck_Mass": 0.62,
    "Hands_FingersLength": 0.11,
    "Legs_LowerlegsTone": 1.25,
    "Waist_Size": 0.65,
    "Head_Size": 0.47,
    "Cheeks_Tone": 1.25,
    "Torso_Tone": 1.16,
    "Pelvis_SizeY": 0.8,
    "Pelvis_SizeX": 0.86,
    "Torso_BreastMass": 0.25,
    "Arms_ForearmLength": 0.65,
    "Pelvis_GluteusMass": 0.35,
    "Arms_UpperarmLength": 0.59,
    "Arms_UpperarmTone": 1.25,
    "Torso_Vshape": 0.41,
    "Pelvis_GluteusTone": 1.25,
    "Legs_KneeSize": 0.65,
    "Arms_ForearmTone": 1.25,
    "Feet_Size": 0.29,
    "Torso_Mass": 0.59,
    "Wrists_Size": 0.575,
    "Hands_Mass": 1.0,
    "Neck_Tone": 1.22,
    "Legs_LowerlegsMass": 0.53
  },
  "manuellab_vers": [1, 6, 0],
  "metaproperties": {
    "last_character_age": 0.0,
    "character_tone": 0.75,
    "last_character_mass": 0.0,
    "character_mass": 0.0,
    "character_age": 0.0,
    "last_character_tone": 0.75
  },
  "materialproperties": {}
}
