{
  "proportion_index": [0.5301, 0.4404, 0.3335, 0.1657, 0.2483],
  "structural": {
    "Torso_BreastTone": 0.644,
    "Legs_UpperlegLength": 0.05,
    "Hands_Size": 0.32,
    "Neck_Length": 0.35,
    "Shoulders_Tone": -0.22,
    "Legs_UpperlegsMass": -0.16,
    "Feet_Mass": 0.35,
    "Abdomen_Tone": -0.22,
    "Legs_UpperlegsTone": -0.37,
    "Torso_Vshape": 0.41,
    "Neck_Mass": 0.23,
    "Hands_FingersLength": 0.11,
    "Legs_LowerlegsTone": -0.22,
    "Waist_Size": 0.4889,
    "Head_Size": 0.47,
    "Cheeks_Tone": -0.22,
    "Torso_Tone": -0.31,
    "Cheeks_Mass": 0.11,
    "Pelvis_SizeY": 0.8,
    "Pelvis_SizeX": 0.86,
    "Torso_BreastMass": 0.0,
    "Arms_UpperarmMass": 0.11,
    "Arms_ForearmLength": 0.65,
    "Pelvis_GluteusMass": -0.04,
    "Abdomen_Mass": 0.11,
    "Arms_UpperarmLength": 0.59,
    "Arms_UpperarmTone": -0.22,
    "Stomach_LocalFat": 0.4805,
    "Pelvis_GluteusTone": -0.22,
    "Stomach_Volume": 0.4922,
    "Wrists_Size": 0.4445,
    "Arms_ForearmTone": -0.22,
    "Feet_Size": 0.29,
    "Torso_Mass": 0.2,
    "Shoulders_Mass": 0.11,
    "Arms_ForearmMass": 0.11,
    "Hands_Mass": 0.61,
    "Neck_Tone": -0.25,
    "Legs_LowerlegsMass": 0.14
  },
  "manuellab_vers": [1, 6, 0],
  "metaproperties": {
    "last_character_age": 0.0,
    "character_tone": -0.72,
    "last_character_mass": -0.39,
    "character_mass": -0.39,
    "character_age": 0.0,
    "last_character_tone": -0.72
  },
  "materialproperties": {}
}
