{
  "proportion_index": [0.594, 0.564, 0.4489, 0.1679, 0.2576],
  "structural": {
    "Torso_BreastTone": 0.644,
    "Legs_UpperlegLength": 0.05,
    "Hands_Size": 0.32,
    "Neck_Length": 0.35,
    "Legs_UpperlegsMass": -0.01,
    "Abdomen_Tone": -0.22,
    "Legs_UpperlegsTone": -0.37,
    "Torso_Vshape": 0.41,
    "Neck_Mass": 0.38,
    "Hands_FingersLength": 0.11,
    "Legs_LowerlegsTone": -0.22,
    "Waist_Size": 0.4904,
    "Head_Size": 0.47,
    "Cheeks_Tone": -0.22,
    "Torso_Tone": -0.31,
    "Cheeks_Mass": 0.26,
    "Pelvis_SizeY": 0.8,
    "Pelvis_SizeX": 0.86,
    "Shoulders_Tone": -0.22,
    "Arms_UpperarmMass": 0.26,
    "Arms_ForearmLength": 0.65,
    "Pelvis_GluteusMass": 0.11,
    "Abdomen_Mass": 0.26,
    "Arms_UpperarmLength": 0.59,
    "Arms_UpperarmTone": -0.22,
    "Stomach_LocalFat": 0.488,
    "Pelvis_GluteusTone": -0.22,
    "Stomach_Volume": 0.4952,
    "Wrists_Size": 0.452,
    "Arms_ForearmTone": -0.22,
    "Feet_Size": 0.29,
    "Torso_Mass": 0.35,
    "Shoulders_Mass": 0.26,
    "Arms_ForearmMass": 0.26,
    "Hands_Mass": 0.76,
    "Neck_Tone": -0.25,
    "Legs_LowerlegsMass": 0.29
  },
  "manuellab_vers": [1, 6, 0],
  "metaproperties": {
    "last_character_age": 0.0,
    "character_tone": -0.72,
    "last_character_mass": -0.24,
    "character_mass": -0.24,
    "character_age": 0.0,
    "last_character_tone": -0.72
  },
  "materialproperties": {}
}
