{
  "proportion_index": [0.5652, 0.5958, 0.3612, 0.1613, 0.3215],
  "structural": {
    "Neck_Length": 0.41,
    "Neck_Size": 0.35,
    "Feet_Mass": 0.23,
    "Arms_ForearmSize": 0.44,
    "Torso_Mass": 0.44,
    "Legs_UpperlegsTone": 0.35,
    "Neck_Mass": 0.32,
    "Hands_FingersLength": 1.0,
    "Shoulders_PosZ": 0.14,
    "Forehead_SizeZ": 0.62,
    "Head_Size": 0.59,
    "Torso_Tone": 0.38,
    "Torso_BreastMass": 1.0,
    "Arms_UpperarmMass": 0.38,
    "Chin_Tone": 0.29,
    "Arms_ForearmLength": 0.65,
    "Arms_UpperarmLength": 0.59,
    "Arms_UpperarmTone": 0.35,
    "Torso_Vshape": 0.38,
    "Hands_Mass": 0.14,
    "Stomach_Volume": 0.59,
    "Shoulders_Tone": 0.24,
    "Arms_UpperarmSize": 0.47,
    "Torso_SizeY": 0.29,
    "Feet_Size": 0.62,
    "Hands_FingersInterDist": 0.38,
    "Torso_ToracicCurve": 1.0,
    "Shoulders_Mass": 0.08,
    "Neck_Angle": 0.29,
    "Pelvis_SizeX": 0.62,
    "Neck_Tone": 0.35
  },
  "manuellab_vers": [1, 6, 0],
  "metaproperties": {
    "last_character_age": 0.0,
    "character_tone": 0.0,
    "last_character_mass": 0.0,
    "character_mass": 0.0,
    "character_age": 0.0,
    "last_character_tone": 0.0
  },
  "materialproperties": {}
}
