{
  "proportion_index": [0.6056, 0.6539, 0.409, 0.1915, 0.3533],
  "structural": {
    "Feet_Mass": 0.53,
    "Arms_ForearmSize": 0.44,
    "Shoulders_Mass": 0.38,
    "Legs_LowerlegsTone": 0.98,
    "Waist_Size": 0.656,
    "Head_Size": 0.59,
    "Neck_Size": 0.35,
    "Arms_UpperarmMass": 0.68,
    "Pelvis_GluteusMass": 0.8,
    "Arms_UpperarmLength": 0.59,
    "Arms_UpperarmTone": 0.83,
    "Torso_Vshape": 0.38,
    "Pelvis_GluteusTone": 0.98,
    "Arms_UpperarmSize": 0.47,
    "Torso_Mass": 0.74,
    "Hands_FingersInterDist": 0.38,
    "Arms_ForearmTone": 0.98,
    "Wrists_Size": 0.578,
    "Hands_Mass": 0.44,
    "Neck_Tone": 0.83,
    "Legs_LowerlegsMass": 0.8,
    "Torso_BreastTone": 0.596,
    "Cheeks_Tone": 0.98,
    "Torso_BreastMass": 1.0,
    "Chin_Tone": 0.29,
    "Shoulders_Tone": 0.72,
    "Legs_UpperlegsMass": 0.8,
    "Neck_Angle": 0.29,
    "Abdomen_Tone": 0.98,
    "Legs_UpperlegsTone": 0.83,
    "Abdomen_Mass": 0.8,
    "Neck_Length": 0.41,
    "Forehead_SizeZ": 0.62,
    "Neck_Mass": 0.62,
    "Torso_Tone": 0.86,
    "Cheeks_Mass": 0.8,
    "Arms_ForearmLength": 0.65,
    "Hands_FingersLength": 1.0,
    "Stomach_LocalFat": 0.506,
    "Legs_KneeSize": 0.656,
    "Stomach_Volume": 0.596,
    "Shoulders_PosZ": 0.14,
    "Torso_SizeY": 0.29,
    "Torso_ToracicCurve": 1.0,
    "Arms_ForearmMass": 0.38,
    "Pelvis_SizeX": 0.62,
    "Feet_Size": 0.62
  },
  "manuellab_vers": [1, 6, 0],
  "metaproperties": {
    "last_character_age": 0.0,
    "character_tone": 0.48,
    "last_character_mass": 0.3,
    "character_mass": 0.3,
    "character_age": 0.0,
    "last_character_tone": 0.48
  },
  "materialproperties": {}
}
