{
  "proportion_index": [0.7371, 0.7591, 0.6672, 0.2569, 0.46],
  "structural": {
    "Legs_UpperlegLength": 0.65,
    "Feet_Mass": 1.23,
    "Waist_Size": 0.712,
    "Torso_Length": 0.71,
    "Legs_LowerlegsTone": 0.38,
    "Legs_UpperlegSize": 0.44,
    "Head_Size": 0.59,
    "Pelvis_SizeY": 0.02,
    "Neck_Size": 0.35,
    "Arms_ForearmMass": 1.5,
    "Arms_UpperarmMass": 1.44,
    "Shoulders_Tone": 0.3,
    "Pelvis_GluteusMass": 1.65,
    "Arms_UpperarmLength": 0.59,
    "Arms_UpperarmTone": 0.41,
    "Torso_Vshape": 0.38,
    "Pelvis_GluteusTone": 0.56,
    "Legs_LowerlegLength": 0.54,
    "Elbows_Size": 0.86,
    "Arms_UpperarmSize": 0.41,
    "Torso_Mass": 1.44,
    "Hands_FingersInterDist": 0.38,
    "Arms_ForearmTone": 0.56,
    "Wrists_Size": 0.606,
    "Hands_Mass": 1.14,
    "Neck_Tone": 0.41,
    "Legs_LowerlegsMass": 1.17,
    "Torso_BreastTone": 0.512,
    "Cheeks_Tone": 0.56,
    "Chin_Tone": 0.29,
    "Torso_BreastMass": 1.0,
    "Legs_UpperlegsMass": 1.35,
    "Neck_Angle": 0.29,
    "Abdomen_Tone": 0.23,
    "Legs_UpperlegsTone": 0.29,
    "Abdomen_Mass": 1.83,
    "Neck_Length": 0.56,
    "Forehead_SizeZ": 0.62,
    "Neck_Mass": 1.23,
    "Torso_Tone": 0.41,
    "Cheeks_Mass": 1.5,
    "Arms_ForearmLength": 0.65,
    "Hands_FingersLength": 1.0,
    "Stomach_LocalFat": 0.52,
    "Legs_KneeSize": 0.712,
    "Stomach_Volume": 0.52,
    "Shoulders_PosZ": 0.14,
    "Torso_SizeY": 0.29,
    "Torso_ToracicCurve": 1.0,
    "Shoulders_Mass": 1.08,
    "Legs_UpperlegInCurve": 0.29,
    "Pelvis_SizeX": 0.44,
    "Feet_Size": 0.62,
    "Legs_UpperThighGirth": 0.68
  },
  "manuellab_vers": [1, 6, 0],
  "metaproperties": {
    "last_character_age": 0.0,
    "character_tone": 0.06,
    "last_character_mass": 1.0,
    "character_mass": 1.0,
    "character_age": 0.0,
    "last_character_tone": 0.06
  },
  "materialproperties": {}
}
