{
  "proportion_index": [0.7644, 0.7505, 0.6123, 0.1886, 0.355],
  "structural": {
    "Pelvis_SizeY": 0.8,
    "Torso_BreastMass": 1.0,
    "Hands_Size": 0.32,
    "Pelvis_GluteusMass": 0.71,
    "Feet_Mass": 0.74,
    "Hands_FingersLength": 0.11,
    "Torso_Vshape": 0.26,
    "Head_Size": 0.47,
    "Neck_Length": 0.38,
    "Shoulders_PosZ": 0.77,
    "Torso_Mass": 0.65,
    "Neck_Mass": 0.83,
    "Torso_Tone": 0.23,
    "Hands_Mass": 1.0,
    "Feet_Size": 0.29,
    "Pelvis_SizeX": 0.86
  },
  "manuellab_vers": [1, 6, 0],
  "metaproperties": {
    "last_character_age": 0.0,
    "character_tone": 0.0,
    "last_character_mass": 0.0,
    "character_mass": 0.0,
    "character_age": 0.0,
    "last_character_tone": 0.0
  },
  "materialproperties": {}
}
