{
  "proportion_index": [0.5382, 0.5824, 0.3757, 0.1855, 0.304],
  "structural": {
    "Torso_BreastTone": 0.586,
    "Cheeks_Tone": 0.93,
    "Shoulders_Tone": 0.93,
    "Legs_UpperlegsMass": -0.5,
    "Feet_Mass": -0.5,
    "Abdomen_Tone": 0.43,
    "Legs_UpperlegsTone": 0.93,
    "Neck_Mass": -0.5,
    "Legs_LowerlegsTone": 0.93,
    "Waist_Size": 0.576,
    "Shoulders_Mass": -0.5,
    "Torso_Tone": 0.93,
    "Cheeks_Mass": -0.5,
    "Torso_BreastMass": 0.75,
    "Arms_UpperarmMass": -0.5,
    "Pelvis_GluteusMass": -0.5,
    "Abdomen_Mass": -1.0,
    "Arms_UpperarmTone": 0.93,
    "Stomach_LocalFat": 0.45,
    "Pelvis_GluteusTone": 0.93,
    "Stomach_Volume": 0.48,
    "Legs_KneeSize": 0.586,
    "Arms_ForearmTone": 0.93,
    "Torso_Mass": -0.5,
    "Wrists_Size": 0.493,
    "Arms_ForearmMass": -0.5,
    "Hands_Mass": -0.5,
    "Neck_Tone": 0.93,
    "Legs_LowerlegsMass": -0.5
  },
  "manuellab_vers": [1, 6, 0],
  "metaproperties": {
    "last_character_age": 0.0,
    "character_tone": 0.43,
    "last_character_mass": -1.0,
    "character_mass": -1.0,
    "character_age": 0.0,
    "last_character_tone": 0.43
  },
  "materialproperties": {}
}
