{
  "proportion_index": [0.7501, 0.6708, 0.6209, 0.2359, 0.4155],
  "structural": {
    "Torso_BreastTone": 0.7,
    "Cheeks_Tone": -0.5,
    "Legs_UpperlegsMass": 0.58,
    "Feet_Mass": 0.58,
    "Abdomen_Tone": -1.0,
    "Legs_UpperlegsTone": -0.5,
    "Shoulders_Mass": 0.58,
    "Legs_LowerlegsTone": -0.5,
    "Waist_Size": 0.506,
    "Neck_Mass": 0.58,
    "Torso_Tone": -0.5,
    "Cheeks_Mass": 0.58,
    "Shoulders_Tone": -0.5,
    "Arms_UpperarmMass": 0.58,
    "Pelvis_GluteusMass": 0.58,
    "Abdomen_Mass": 0.08,
    "Arms_UpperarmTone": -0.5,
    "Stomach_LocalFat": 0.5016,
    "Pelvis_GluteusTone": -0.5,
    "Stomach_Volume": 0.5016,
    "Legs_KneeSize": 0.516,
    "Arms_ForearmTone": -0.5,
    "Torso_Mass": 0.58,
    "Wrists_Size": 0.458,
    "Arms_ForearmMass": 0.58,
    "Hands_Mass": 0.58,
    "Neck_Tone": -0.5,
    "Legs_LowerlegsMass": 0.58
  },
  "manuellab_vers": [1, 6, 0],
  "metaproperties": {
    "last_character_age": 0.0,
    "character_tone": -1.0,
    "last_character_mass": 0.08,
    "character_mass": 0.08,
    "character_age": 0.0,
    "last_character_tone": -1.0
  },
  "materialproperties": {}
}
