{
  "proportion_index": [0.7754, 0.7464, 0.6491, 0.243, 0.4318],
  "structural": {
    "Torso_BreastTone": 0.7,
    "Cheeks_Tone": -0.5,
    "Shoulders_Tone": -0.5,
    "Legs_UpperlegsMass": 0.61,
    "Feet_Mass": 0.61,
    "Abdomen_Tone": -1.0,
    "Legs_UpperlegsTone": -0.5,
    "Neck_Mass": 0.61,
    "Legs_LowerlegsTone": -0.5,
    "Waist_Size": 0.512,
    "Shoulders_Mass": 0.61,
    "Torso_Tone": -0.5,
    "Cheeks_Mass": 0.61,
    "Torso_BreastMass": 0.75,
    "Arms_UpperarmMass": 0.61,
    "Pelvis_GluteusMass": 0.61,
    "Abdomen_Mass": 0.11,
    "Arms_UpperarmTone": -0.5,
    "Stomach_LocalFat": 0.5022,
    "Pelvis_GluteusTone": -0.5,
    "Stomach_Volume": 0.5022,
    "Legs_KneeSize": 0.522,
    "Arms_ForearmTone": -0.5,
    "Torso_Mass": 0.61,
    "Wrists_Size": 0.461,
    "Arms_ForearmMass": 0.61,
    "Hands_Mass": 0.61,
    "Neck_Tone": -0.5,
    "Legs_LowerlegsMass": 0.61
  },
  "manuellab_vers": [1, 6, 0],
  "metaproperties": {
    "last_character_age": 0.0,
    "character_tone": -1.0,
    "last_character_mass": 0.11,
    "character_mass": 0.11,
    "character_age": 0.0,
    "last_character_tone": -1.0
  },
  "materialproperties": {}
}
