{
  "proportion_index": [0.7438, 0.6188, 0.6045, 0.2399, 0.4279],
  "structural": {
    "Torso_BreastTone": 0.524,
    "Cheeks_Tone": 0.38,
    "Shoulders_Tone": 0.38,
    "Legs_UpperlegsMass": 0.8,
    "Feet_Mass": 0.8,
    "Legs_UpperlegsTone": 0.38,
    "Neck_Mass": 0.8,
    "Legs_LowerlegsTone": 0.38,
    "Waist_Size": 0.5588,
    "Shoulders_Mass": 0.8,
    "Torso_Tone": 0.38,
    "Cheeks_Mass": 0.8,
    "Torso_BreastMass": 0.0,
    "Arms_UpperarmMass": 0.8,
    "Pelvis_GluteusMass": 0.8,
    "Arms_UpperarmTone": 0.38,
    "Stomach_LocalFat": 0.506,
    "Pelvis_GluteusTone": 0.38,
    "Stomach_Volume": 0.506,
    "Legs_KneeSize": 0.56,
    "Arms_ForearmTone": 0.38,
    "Torso_Mass": 0.8,
    "Wrists_Size": 0.524,
    "Arms_ForearmMass": 0.8,
    "Hands_Mass": 0.8,
    "Neck_Tone": 0.38,
    "Legs_LowerlegsMass": 0.8
  },
  "manuellab_vers": [1, 6, 0],
  "metaproperties": {
    "last_character_age": 0.0,
    "character_tone": -0.12,
    "last_character_mass": 0.3,
    "character_mass": 0.3,
    "character_age": 0.0,
    "last_character_tone": -0.12
  },
  "materialproperties": {}
}
