{
  "proportion_index": [0.7026, 0.6472, 0.5501, 0.2371, 0.4085],
  "structural": {
    "Torso_BreastTone": 0.512,
    "Cheeks_Tone": 0.44,
    "Legs_UpperlegsMass": 0.8,
    "Feet_Mass": 0.8,
    "Abdomen_Tone": 0.56,
    "Legs_UpperlegsTone": 0.44,
    "Shoulders_Mass": 0.8,
    "Legs_LowerlegsTone": 0.44,
    "Waist_Size": 0.5594,
    "Neck_Mass": 0.8,
    "Torso_Tone": 0.44,
    "Cheeks_Mass": 0.8,
    "Shoulders_Tone": 0.44,
    "Arms_UpperarmMass": 0.8,
    "Pelvis_GluteusMass": 0.8,
    "Arms_UpperarmTone": 0.44,
    "Stomach_LocalFat": 0.506,
    "Pelvis_GluteusTone": 0.44,
    "Stomach_Volume": 0.506,
    "Legs_KneeSize": 0.56,
    "Arms_ForearmTone": 0.44,
    "Torso_Mass": 0.8,
    "Wrists_Size": 0.527,
    "Arms_ForearmMass": 0.8,
    "Hands_Mass": 0.8,
    "Neck_Tone": 0.44,
    "Legs_LowerlegsMass": 0.8
  },
  "manuellab_vers": [1, 6, 0],
  "metaproperties": {
    "last_character_age": 0.0,
    "character_tone": -0.06,
    "last_character_mass": 0.3,
    "character_mass": 0.3,
    "character_age": 0.0,
    "last_character_tone": -0.06
  },
  "materialproperties": {}
}
