{
  "proportion_index": [0.6704, 0.594, 0.5073, 0.2352, 0.3934],
  "structural": {
    "Torso_BreastMass": 0.25,
    "Arms_UpperarmMass": 0.8,
    "Pelvis_GluteusMass": 0.8,
    "Legs_UpperlegsMass": 0.8,
    "Feet_Mass": 0.8,
    "Abdomen_Tone": 0.62,
    "Stomach_LocalFat": 0.506,
    "Stomach_Volume": 0.506,
    "Shoulders_Mass": 0.8,
    "Legs_KneeSize": 0.56,
    "Torso_Mass": 0.8,
    "Waist_Size": 0.56,
    "Neck_Mass": 0.8,
    "Arms_ForearmMass": 0.8,
    "Wrists_Size": 0.53,
    "Cheeks_Mass": 0.8,
    "Hands_Mass": 0.8,
    "Legs_LowerlegsMass": 0.8
  },
  "manuellab_vers": [1, 6, 0],
  "metaproperties": {
    "last_character_age": 0.0,
    "character_tone": 0.0,
    "last_character_mass": 0.3,
    "character_mass": 0.3,
    "character_age": 0.0,
    "last_character_tone": 0.0
  },
  "materialproperties": {}
}
