{
  "proportion_index": [0.6211, 0.5607, 0.4426, 0.2329, 0.3703],
  "structural": {
    "Torso_BreastTone": 0.518,
    "Cheeks_Tone": 0.59,
    "Shoulders_Tone": 0.59,
    "Legs_UpperlegsMass": 0.8,
    "Feet_Mass": 0.8,
    "Abdomen_Tone": 0.71,
    "Legs_UpperlegsTone": 0.59,
    "Neck_Mass": 0.8,
    "Legs_LowerlegsTone": 0.59,
    "Waist_Size": 0.578,
    "Shoulders_Mass": 0.8,
    "Torso_Tone": 0.59,
    "Cheeks_Mass": 0.8,
    "Torso_BreastMass": 0.0,
    "Arms_UpperarmMass": 0.8,
    "Pelvis_GluteusMass": 0.8,
    "Arms_UpperarmTone": 0.59,
    "Stomach_LocalFat": 0.506,
    "Pelvis_GluteusTone": 0.59,
    "Stomach_Volume": 0.506,
    "Legs_KneeSize": 0.578,
    "Arms_ForearmTone": 0.59,
    "Torso_Mass": 0.8,
    "Wrists_Size": 0.539,
    "Arms_ForearmMass": 0.8,
    "Hands_Mass": 0.8,
    "Neck_Tone": 0.59,
    "Legs_LowerlegsMass": 0.8
  },
  "manuellab_vers": [1, 6, 0],
  "metaproperties": {
    "last_character_age": 0.0,
    "character_tone": 0.09,
    "last_character_mass": 0.3,
    "character_mass": 0.3,
    "character_age": 0.0,
    "last_character_tone": 0.09
  },
  "materialproperties": {}
}
