{
  "proportion_index": [0.703, 0.7489, 0.5442, 0.2692, 0.4226],
  "structural": {
    "Torso_BreastTone": 0.518,
    "Cheeks_Tone": 0.59,
    "Shoulders_Tone": 0.59,
    "Legs_UpperlegsMass": 1.01,
    "Feet_Mass": 1.01,
    "Abdomen_Tone": 0.71,
    "Legs_UpperlegsTone": 0.59,
    "Neck_Mass": 1.01,
    "Legs_LowerlegsTone": 0.59,
    "Waist_Size": 0.62,
    "Shoulders_Mass": 1.01,
    "Torso_Tone": 0.59,
    "Cheeks_Mass": 1.01,
    "Torso_BreastMass": 0.75,
    "Arms_UpperarmMass": 1.01,
    "Pelvis_GluteusMass": 1.01,
    "Abdomen_Mass": 0.71,
    "Arms_UpperarmTone": 0.59,
    "Stomach_LocalFat": 0.5102,
    "Pelvis_GluteusTone": 0.59,
    "Stomach_Volume": 0.5102,
    "Legs_KneeSize": 0.62,
    "Arms_ForearmTone": 0.59,
    "Torso_Mass": 1.01,
    "Wrists_Size": 0.56,
    "Arms_ForearmMass": 1.01,
    "Hands_Mass": 1.01,
    "Neck_Tone": 0.59,
    "Legs_LowerlegsMass": 1.01
  },
  "manuellab_vers": [1, 6, 0],
  "metaproperties": {
    "last_character_age": 0.0,
    "character_tone": 0.09,
    "last_character_mass": 0.51,
    "character_mass": 0.51,
    "character_age": 0.0,
    "last_character_tone": 0.09
  },
  "materialproperties": {}
}
