{
  "proportion_index": [0.6288, 0.6302, 0.3629, 0.2047, 0.3506],
  "structural": {
    "Torso_BreastTone": 0.554,
    "Torso_BreastMass": 1.0,
    "Cheeks_Tone": 0.77,
    "Shoulders_Tone": 0.77,
    "Legs_LowerlegsTone": 0.77,
    "Abdomen_Tone": 0.77,
    "Arms_UpperarmTone": 0.77,
    "Legs_UpperlegsTone": 0.77,
    "Pelvis_GluteusTone": 0.77,
    "Legs_KneeSize": 0.554,
    "Arms_ForearmTone": 0.77,
    "Waist_Size": 0.314,
    "Pelvis_GluteusSize": 0.74,
    "Wrists_Size": 0.527,
    "Torso_Tone": 0.77,
    "Pelvis_SizeX": 0.59,
    "Neck_Tone": 0.77
  },
  "manuellab_vers": [1, 6, 0],
  "metaproperties": {
    "last_character_age": 0.0,
    "character_tone": 0.27,
    "last_character_mass": 0.0,
    "character_mass": 0.0,
    "character_age": 0.0,
    "last_character_tone": 0.27
  },
  "materialproperties": {}
}
