{
  "proportion_index": [0.6318, 0.5159, 0.3703, 0.2193, 0.3574],
  "structural": {
    "Torso_BreastTone": 0.59,
    "Torso_BreastMass": 0.0,
    "Cheeks_Tone": 0.95,
    "Shoulders_Tone": 0.95,
    "Legs_LowerlegsTone": 0.95,
    "Abdomen_Tone": 0.95,
    "Arms_UpperarmTone": 0.95,
    "Legs_UpperlegsTone": 0.95,
    "Pelvis_GluteusTone": 0.95,
    "Legs_KneeSize": 0.59,
    "Arms_ForearmTone": 0.95,
    "Waist_Size": 0.35,
    "Pelvis_GluteusSize": 0.74,
    "Wrists_Size": 0.545,
    "Torso_Tone": 0.95,
    "Pelvis_SizeX": 0.59,
    "Neck_Tone": 0.95
  },
  "manuellab_vers": [1, 6, 0],
  "metaproperties": {
    "last_character_age": 0.0,
    "character_tone": 0.45,
    "last_character_mass": 0.0,
    "character_mass": 0.0,
    "character_age": 0.0,
    "last_character_tone": 0.45
  },
  "materialproperties": {}
}
