{
  "proportion_index": [0.6583, 0.5693, 0.3816, 0.2524, 0.3858],
  "structural": {
    "Torso_BreastTone": 0.584,
    "Abdomen_Tone": 0.92,
    "Cheeks_Tone": 0.92,
    "Shoulders_Tone": 0.92,
    "Legs_UpperlegsMass": 0.71,
    "Feet_Mass": 0.71,
    "Hands_Mass": 0.71,
    "Legs_UpperlegsTone": 0.92,
    "Neck_Mass": 0.71,
    "Legs_LowerlegsTone": 0.92,
    "Waist_Size": 0.386,
    "Shoulders_Mass": 0.71,
    "Torso_Tone": 0.92,
    "Cheeks_Mass": 0.71,
    "Torso_BreastMass": 0.25,
    "Arms_UpperarmMass": 0.71,
    "Pelvis_GluteusMass": 0.71,
    "Abdomen_Mass": 0.71,
    "Arms_UpperarmTone": 0.92,
    "Stomach_LocalFat": 0.5042,
    "Pelvis_GluteusTone": 0.92,
    "Stomach_Volume": 0.5042,
    "Legs_KneeSize": 0.626,
    "Arms_ForearmTone": 0.92,
    "Pelvis_GluteusSize": 0.74,
    "Torso_Mass": 0.71,
    "Wrists_Size": 0.563,
    "Arms_ForearmMass": 0.71,
    "Pelvis_SizeX": 0.59,
    "Neck_Tone": 0.92,
    "Legs_LowerlegsMass": 0.71
  },
  "manuellab_vers": [1, 6, 0],
  "metaproperties": {
    "last_character_age": 0.0,
    "character_tone": 0.42,
    "last_character_mass": 0.21,
    "character_mass": 0.21,
    "character_age": 0.0,
    "last_character_tone": 0.42
  },
  "materialproperties": {}
}
