{
  "proportion_index": [0.7732, 0.6279, 0.5445, 0.2239, 0.4248],
  "structural": {
    "Torso_BreastTone": 0.53,
    "Cheeks_Tone": 0.35,
    "Torso_Mass": 0.71,
    "Legs_UpperlegsMass": 0.71,
    "Feet_Mass": 0.71,
    "Abdomen_Tone": 0.35,
    "Legs_UpperlegsTone": 0.35,
    "Shoulders_Mass": 0.71,
    "Legs_LowerlegsTone": 0.35,
    "Waist_Size": 0.3005,
    "Neck_Mass": 0.71,
    "Torso_Tone": 0.35,
    "Cheeks_Mass": 0.71,
    "Hands_Mass": 0.71,
    "Arms_UpperarmMass": 0.71,
    "Pelvis_GluteusMass": 0.71,
    "Abdomen_Mass": 0.71,
    "Arms_UpperarmTone": 0.35,
    "Stomach_LocalFat": 0.5042,
    "Pelvis_GluteusTone": 0.35,
    "Stomach_Volume": 0.5042,
    "Shoulders_Tone": 0.35,
    "Legs_KneeSize": 0.542,
    "Arms_ForearmTone": 0.35,
    "Pelvis_GluteusSize": 0.74,
    "Wrists_Size": 0.5135,
    "Arms_ForearmMass": 0.71,
    "Pelvis_SizeX": 0.59,
    "Neck_Tone": 0.35,
    "Legs_LowerlegsMass": 0.71
  },
  "manuellab_vers": [1, 6, 0],
  "metaproperties": {
    "last_character_age": 0.0,
    "character_tone": -0.15,
    "last_character_mass": 0.21,
    "character_mass": 0.21,
    "character_age": 0.0,
    "last_character_tone": -0.15
  },
  "materialproperties": {}
}
