{
  "proportion_index": [0.6051, 0.5811, 0.3739, 0.1855, 0.3251],
  "structural": {
    "Torso_BreastTone": 0.7,
    "Abdomen_Tone": 1.5,
    "Cheeks_Tone": 1.5,
    "Shoulders_Tone": 1.5,
    "Legs_UpperlegsMass": 0.05,
    "Feet_Mass": 0.05,
    "Hands_Mass": 0.05,
    "Legs_UpperlegsTone": 1.5,
    "Neck_Mass": 0.05,
    "Legs_LowerlegsTone": 1.5,
    "Waist_Size": 0.4555,
    "Shoulders_Mass": 0.05,
    "Torso_Tone": 1.5,
    "Cheeks_Mass": 0.05,
    "Torso_BreastMass": 0.75,
    "Arms_UpperarmMass": 0.05,
    "Pelvis_GluteusMass": 0.05,
    "Abdomen_Mass": 0.05,
    "Arms_UpperarmTone": 1.5,
    "Stomach_LocalFat": 0.4775,
    "Pelvis_GluteusTone": 1.5,
    "Stomach_Volume": 0.491,
    "Legs_KneeSize": 0.7,
    "Arms_ForearmTone": 1.5,
    "Pelvis_GluteusSize": 0.74,
    "Torso_Mass": 0.05,
    "Wrists_Size": 0.5775,
    "Arms_ForearmMass": 0.05,
    "Pelvis_SizeX": 0.59,
    "Neck_Tone": 1.5,
    "Legs_LowerlegsMass": 0.05
  },
  "manuellab_vers": [1, 6, 0],
  "metaproperties": {
    "last_character_age": 0.0,
    "character_tone": 1.0,
    "last_character_mass": -0.45,
    "character_mass": -0.45,
    "character_age": 0.0,
    "last_character_tone": 1.0
  },
  "materialproperties": {}
}
