{
  "proportion_index": [0.6568, 0.6544, 0.4425, 0.1851, 0.3461],
  "structural": {
    "Torso_BreastMass": 1.0,
    "Torso_Mass": 0.62,
    "Shoulders_Length": 0.8,
    "Waist_Size": 0.0,
    "Pelvis_GluteusSize": 0.74,
    "Pelvis_SizeX": 0.59,
    "Stomach_LocalFat": 0.74
  },
  "manuellab_vers": [1, 6, 0],
  "metaproperties": {
    "last_character_age": 0.0,
    "character_tone": 0.0,
    "last_character_mass": 0.0,
    "character_mass": 0.0,
    "character_age": 0.0,
    "last_character_tone": 0.0
  },
  "materialproperties": {}
}
