{
  "proportion_index": [0.6344, 0.5976, 0.4109, 0.224, 0.3594],
  "structural": {
    "Torso_BreastTone": 0.602,
    "Shoulders_Tone": 1.01,
    "Cheeks_Tone": 1.01,
    "Pelvis_GluteusSize": 0.74,
    "Legs_LowerlegsTone": 1.01,
    "Abdomen_Tone": 1.01,
    "Arms_UpperarmTone": 1.01,
    "Stomach_LocalFat": 0.74,
    "Legs_UpperlegsTone": 1.01,
    "Pelvis_GluteusTone": 1.01,
    "Legs_KneeSize": 0.602,
    "Arms_ForearmTone": 1.01,
    "Shoulders_Length": 0.8,
    "Waist_Size": 0.102,
    "Torso_Mass": 0.62,
    "Wrists_Size": 0.551,
    "Torso_Tone": 1.01,
    "Pelvis_SizeX": 0.59,
    "Neck_Tone": 1.01
  },
  "manuellab_vers": [1, 6, 0],
  "metaproperties": {
    "last_character_age": 0.0,
    "character_tone": 0.51,
    "last_character_mass": 0.0,
    "character_mass": 0.0,
    "character_age": 0.0,
    "last_character_tone": 0.51
  },
  "materialproperties": {}
}
