{
  "proportion_index": [0.7571, 0.5949, 0.6107, 0.2024, 0.3796],
  "structural": {
    "Torso_BreastTone": 0.554,
    "Torso_BreastMass": 0.0,
    "Cheeks_Tone": 0.23,
    "Pelvis_GluteusSize": 0.74,
    "Shoulders_Tone": 0.23,
    "Abdomen_Tone": 0.23,
    "Arms_UpperarmTone": 0.23,
    "Stomach_LocalFat": 0.74,
    "Legs_UpperlegsTone": 0.23,
    "Pelvis_GluteusTone": 0.23,
    "Legs_LowerlegsTone": 0.23,
    "Arms_ForearmTone": 0.23,
    "Shoulders_Length": 0.8,
    "Waist_Size": -0.0027,
    "Torso_Mass": 0.62,
    "Wrists_Size": 0.4865,
    "Torso_Tone": 0.23,
    "Pelvis_SizeX": 0.59,
    "Neck_Tone": 0.23
  },
  "manuellab_vers": [1, 6, 0],
  "metaproperties": {
    "last_character_age": 0.0,
    "character_tone": -0.27,
    "last_character_mass": 0.0,
    "character_mass": 0.0,
    "character_age": 0.0,
    "last_character_tone": -0.27
  },
  "materialproperties": {}
}
