{
  "proportion_index": [0.8039, 0.6322, 0.6746, 0.2159, 0.4006],
  "structural": {
    "Torso_BreastTone": 0.59,
    "Torso_BreastMass": 0.25,
    "Cheeks_Tone": 0.05,
    "Pelvis_GluteusSize": 0.74,
    "Shoulders_Tone": 0.05,
    "Abdomen_Tone": 0.05,
    "Arms_UpperarmTone": 0.05,
    "Stomach_LocalFat": 0.74,
    "Legs_UpperlegsTone": 0.05,
    "Pelvis_GluteusTone": 0.05,
    "Legs_LowerlegsTone": 0.05,
    "Arms_ForearmTone": 0.05,
    "Shoulders_Length": 0.8,
    "Waist_Size": -0.0045,
    "Torso_Mass": 0.62,
    "Wrists_Size": 0.4775,
    "Torso_Tone": 0.05,
    "Pelvis_SizeX": 0.59,
    "Neck_Tone": 0.05
  },
  "manuellab_vers": [1, 6, 0],
  "metaproperties": {
    "last_character_age": 0.0,
    "character_tone": -0.45,
    "last_character_mass": 0.0,
    "character_mass": 0.0,
    "character_age": 0.0,
    "last_character_tone": -0.45
  },
  "materialproperties": {}
}
